{
  "losses": [
    5.270909204373134,
    4.835671770435289,
    4.570223117149441,
    4.3393231253312585,
    4.133654921063998,
    3.990854755101222,
    3.8800807567015196,
    3.763711001289944,
    3.679369755194221,
    3.6053041483772854,
    3.5351400909594783,
    3.4863932071666253,
    3.42272583989572,
    3.3618141298257433,
    3.297967616482978,
    3.2322509667326944,
    3.147751605770194,
    3.074360262874452,
    3.0291081479203226,
    2.9863264356166237,
    2.9422464843901417,
    2.9069925477959586,
    2.868769247309041,
    2.833501731540421,
    2.7984941481933396,
    2.7689650846351888,
    2.7360941914987014,
    2.7292143694111997,
    2.7135639398259785,
    2.669852722011669,
    2.6370195634233813,
    2.627437535992963,
    2.6132982314472466,
    2.595892892451659,
    2.5863711760688224,
    2.576891124324823,
    2.557487875490274,
    2.535808651761728,
    2.522463153785383,
    2.5201063610985397,
    2.5225501579450738,
    2.5157403097262607,
    2.502070725803644,
    2.493452298961742,
    2.478731672834037,
    2.4756992223473424,
    2.453740384300906,
    2.4396828417588745,
    2.4375465462668755,
    2.4304726658038387
  ],
  "center_norms": [
    4.296035289764404,
    5.913917541503906,
    7.604007720947266,
    8.65246295928955,
    9.66245174407959,
    10.806912422180176,
    11.987564086914062,
    13.44834041595459,
    14.288898468017578,
    14.753409385681152,
    15.031547546386719,
    15.200956344604492,
    16.211515426635742,
    17.930891036987305,
    19.545957565307617,
    21.480640411376953,
    22.916067123413086,
    24.181591033935547,
    25.1353759765625,
    25.50264549255371,
    27.294212341308594,
    26.678497314453125,
    28.026073455810547,
    28.82416343688965,
    30.453893661499023,
    30.32440185546875,
    30.753393173217773,
    29.336271286010742,
    28.929412841796875,
    29.352245330810547,
    30.670063018798828,
    30.96319580078125,
    31.754552841186523,
    30.819061279296875,
    29.02784538269043,
    31.10092544555664,
    32.02756118774414,
    32.100711822509766,
    32.76427459716797,
    30.591875076293945,
    30.608030319213867,
    31.702117919921875,
    32.60003662109375,
    32.836669921875,
    34.16306686401367,
    33.64450454711914,
    34.37312698364258,
    35.55010986328125,
    34.911869049072266,
    35.370792388916016
  ],
  "epoch_times": [
    135.7812922000885,
    139.41557431221008,
    138.33482670783997,
    139.79603743553162,
    140.17768549919128,
    140.31790041923523,
    138.88509058952332,
    139.5860035419464,
    137.71842169761658,
    139.22515964508057,
    139.5646460056305,
    139.67721152305603,
    139.40945839881897,
    139.45002579689026,
    139.5508782863617,
    140.08039331436157,
    138.68952441215515,
    139.91130185127258,
    141.23340392112732,
    139.92743110656738,
    139.80810070037842,
    140.41202449798584,
    140.05217623710632,
    139.5270059108734,
    139.74282789230347,
    138.56389045715332,
    140.20550441741943,
    139.21830463409424,
    140.3197147846222,
    139.0124819278717,
    139.1487581729889,
    139.57087326049805,
    139.49255323410034,
    140.0073959827423,
    140.47310781478882,
    139.8738009929657,
    139.31522750854492,
    140.13162207603455,
    140.2109513282776,
    139.17455911636353,
    139.80260610580444,
    139.56410336494446,
    139.03639364242554,
    140.57545518875122,
    139.95723009109497,
    139.16885423660278,
    139.7063386440277,
    139.80965161323547,
    139.02844643592834,
    140.90282082557678
  ],
  "avg_time": 139.5709009552002,
  "save_path": "saved/dino.pt"
}