{
  "losses": [
    0.6762800354429458,
    0.5419749043662477,
    0.5056662889204624,
    0.48555159538259274,
    0.46759359563358616,
    0.45396301581520737,
    0.4469797356333226,
    0.4398123349484042,
    0.4348124163785756,
    0.43117706391783894,
    0.429286061305548,
    0.4248606622142767,
    0.41647700284263084,
    0.41244318318122786,
    0.40514109168254153,
    0.3998243032970135,
    0.39461187451658114,
    0.38767612587169253,
    0.377717057126127,
    0.37174021323878087,
    0.36298273452265467,
    0.35198882418695393,
    0.33027433427515773,
    0.314067597330456,
    0.29089596886640934,
    0.26609637871594494,
    0.2399284620787209,
    0.20728903871492296,
    0.1785264768698533,
    0.14556602146786551,
    0.10756139718139217,
    0.05347647370753283,
    0.003621158526973574,
    5.0428072641439385e-05,
    2.55750545224374e-05,
    1.7404463072750858e-05,
    1.4418151815646661e-05,
    1.3110721696562222e-05,
    1.237902516909932e-05,
    1.1740373628364998e-05,
    1.0892366322055779e-05,
    9.694618810349154e-06,
    8.180544588801254e-06,
    6.5369589703617986e-06,
    4.98051210742397e-06,
    3.6565968015060484e-06,
    2.6178697506055453e-06,
    1.8373555229516479e-06,
    1.2767081291336969e-06,
    8.810816182767492e-07
  ],
  "center_norms": [
    0.0,
    0.0,
    0.0,
    0.0,
    0.0,
    0.0,
    0.0,
    0.0,
    0.0,
    0.0,
    0.0,
    0.0,
    0.0,
    0.0,
    0.0,
    0.0,
    0.0,
    0.0,
    0.0,
    0.0,
    0.0,
    0.0,
    0.0,
    0.0,
    0.0,
    0.0,
    0.0,
    0.0,
    0.0,
    0.0,
    0.0,
    0.0,
    0.0,
    0.0,
    0.0,
    0.0,
    0.0,
    0.0,
    0.0,
    0.0,
    0.0,
    0.0,
    0.0,
    0.0,
    0.0,
    0.0,
    0.0,
    0.0,
    0.0,
    0.0
  ],
  "epoch_times": [
    132.0108778476715,
    137.1101267337799,
    138.53508281707764,
    138.16101598739624,
    138.78666925430298,
    137.62130522727966,
    139.11294651031494,
    137.7738654613495,
    137.44633436203003,
    138.3030195236206,
    137.69390988349915,
    138.12599515914917,
    137.57066226005554,
    137.0719771385193,
    138.59881567955017,
    137.25258135795593,
    137.42893433570862,
    138.72730684280396,
    138.75810384750366,
    138.2662649154663,
    137.34667778015137,
    138.59662699699402,
    136.66235375404358,
    136.5278811454773,
    139.82786226272583,
    138.5147681236267,
    139.0783886909485,
    138.4366250038147,
    137.52082204818726,
    138.65003514289856,
    137.07932114601135,
    138.231365442276,
    137.51150560379028,
    137.6480062007904,
    138.6304953098297,
    138.09298753738403,
    137.92041659355164,
    138.30182218551636,
    138.37480568885803,
    138.97238993644714,
    137.86304807662964,
    138.12775564193726,
    138.1977038383484,
    139.25853753089905,
    139.36383962631226,
    137.27297186851501,
    139.78979539871216,
    137.66133308410645,
    138.19610238075256,
    139.90644001960754
  ],
  "avg_time": 138.03836958408357,
  "save_path": "saved/dino_no_centering.pt"
}