{
  "losses": [
    4.96516808657579,
    4.222813626410256,
    3.818838221773448,
    3.634973403891589,
    3.507570278629298,
    3.3791761895911185,
    3.2471187758842595,
    3.1009520367074104,
    2.9488721489143126,
    2.8181842560957397,
    2.6651260529223846,
    2.546274757568418,
    2.4352238425524684,
    2.355111391535184,
    2.3084995175751164,
    2.250554237109293,
    2.2172137735442528,
    2.1933108856674957,
    2.18428974511834,
    2.1908771710878145,
    2.1755927413434897,
    2.1565833633596245,
    2.1215619862308577,
    2.1009510390737147,
    2.0779490426621576,
    2.085879632819172,
    2.050169482426515,
    2.043376677625463,
    2.0093284150855033,
    1.9928343828753228,
    1.9570489641035718,
    1.9719032504036547,
    1.9675418245349743,
    1.9499264755566508,
    1.929201077712788,
    1.9007304682469093,
    1.8858911163828285,
    1.8638538883834428,
    1.8490039036918082,
    1.8641462941175844,
    1.824463106758616,
    1.8010928943734164,
    1.7940069757564119,
    1.8103386907052443,
    1.8070237958629671,
    1.809484820512437,
    1.7988483534884971,
    1.7945766877883833,
    1.74862453391091,
    1.7684795680943586
  ],
  "center_norms": [
    5.653677463531494,
    7.3626627922058105,
    8.60684871673584,
    9.49748420715332,
    10.863530158996582,
    12.38401985168457,
    14.006613731384277,
    16.796632766723633,
    18.948999404907227,
    21.85068702697754,
    27.705087661743164,
    33.977325439453125,
    37.82236862182617,
    39.319244384765625,
    38.48984146118164,
    41.08429718017578,
    40.20542526245117,
    38.513816833496094,
    38.8006477355957,
    37.30344009399414,
    33.850433349609375,
    32.00809860229492,
    32.3730354309082,
    32.185752868652344,
    30.085208892822266,
    30.260770797729492,
    30.609542846679688,
    30.293785095214844,
    31.404451370239258,
    29.884048461914062,
    30.37412452697754,
    29.318143844604492,
    28.6799373626709,
    29.514333724975586,
    30.243947982788086,
    30.60906982421875,
    31.67844581604004,
    32.916561126708984,
    32.779788970947266,
    33.682861328125,
    35.97934341430664,
    36.9847297668457,
    34.57192611694336,
    32.55840301513672,
    34.06101989746094,
    33.19330978393555,
    35.24345397949219,
    31.740177154541016,
    34.35569381713867,
    33.36251449584961
  ],
  "epoch_times": [
    56.08036231994629,
    55.99890470504761,
    54.953277587890625,
    55.569047689437866,
    55.82960534095764,
    55.62625026702881,
    55.712626934051514,
    55.98895525932312,
    55.55907845497131,
    55.829025745391846,
    55.71404719352722,
    55.80520153045654,
    55.75126004219055,
    54.14311909675598,
    55.36364459991455,
    55.76773977279663,
    55.846794843673706,
    55.588112592697144,
    55.55057501792908,
    55.54195427894592,
    55.65009307861328,
    55.85110807418823,
    55.96126627922058,
    55.76672101020813,
    55.97175931930542,
    55.67950987815857,
    55.51704955101013,
    56.18559908866882,
    55.51338839530945,
    55.018275022506714,
    54.20684766769409,
    55.470473289489746,
    55.486252784729004,
    56.43768262863159,
    55.73452186584473,
    55.8770797252655,
    55.51715135574341,
    55.74997138977051,
    55.63837480545044,
    55.88725781440735,
    55.95918321609497,
    55.76246380805969,
    55.842042207717896,
    55.9761700630188,
    55.64154529571533,
    55.301432609558105,
    54.382084369659424,
    55.692538261413574,
    55.62141466140747,
    55.81261849403381
  ],
  "avg_time": 55.62662918567658,
  "save_path": "saved/dino_no_local.pt"
}