{
  "losses": [
    0.7733056805072687,
    0.6612116327652564,
    0.6106524560696039,
    0.578967256576587,
    0.5572480319402157,
    0.544452394812535,
    0.5356654298611176,
    0.529804934370212,
    0.5248425058065317,
    0.5203751838360078,
    0.5170096091735057,
    0.5141165420030936,
    0.511039664500799,
    0.5091628468189484,
    0.5067282361097825,
    0.5051087247255521,
    0.5033147134842016,
    0.5016230320319152,
    0.5002545830530998,
    0.49873556387730134,
    0.4974554752692198,
    0.4963479726742476,
    0.4950119775075179,
    0.49381755750912887,
    0.49313741876528816,
    0.4916553690647468,
    0.4912496370382798,
    0.4902276777304136,
    0.4893777822072689,
    0.4886523059545419,
    0.4883506333216643,
    0.48726080931149995,
    0.4870653165456576,
    0.4862453694526966,
    0.48534955657445467,
    0.48513078697216816,
    0.48475780387719475,
    0.4836823012584295,
    0.48345562242544615,
    0.4829927779925175,
    0.48280010399145956,
    0.4829428060696675,
    0.48196394114922253,
    0.4819452586082312,
    0.48203240197438463,
    0.481598803630242,
    0.48129186240526345,
    0.48128934579017835,
    0.48143799190337844,
    0.4810257551761774
  ],
  "epoch_times": [
    13.150205850601196,
    12.805721282958984,
    11.62994122505188,
    11.422897338867188,
    12.022959470748901,
    11.229239463806152,
    11.45529317855835,
    11.37853455543518,
    11.356035709381104,
    11.825677394866943,
    12.346112489700317,
    11.398781776428223,
    12.384812355041504,
    12.663090705871582,
    12.139898538589478,
    11.475327491760254,
    11.60307788848877,
    11.501278162002563,
    12.185279846191406,
    11.54628300666809,
    11.562523126602173,
    11.498553991317749,
    11.5870041847229,
    11.951916933059692,
    11.298084259033203,
    11.531394243240356,
    12.102840662002563,
    11.836949110031128,
    11.88511323928833,
    11.532954216003418,
    11.520663499832153,
    11.965062141418457,
    11.400789022445679,
    12.413288593292236,
    11.357199430465698,
    11.730183362960815,
    12.360352754592896,
    11.241374492645264,
    12.591268301010132,
    11.835540533065796,
    12.134277582168579,
    11.041975975036621,
    11.228046178817749,
    11.543346881866455,
    11.692489862442017,
    12.23380184173584,
    12.451532363891602,
    11.750120162963867,
    11.852631092071533,
    11.385542869567871
  ],
  "avg_time": 11.800745372772218,
  "save_path": "saved/mae_encoder_mask075.pt"
}