{
  "losses": [
    0.7508964261947534,
    0.5776414875800793,
    0.4851438793616417,
    0.44736603918748025,
    0.4300053766904733,
    0.41812985982650364,
    0.4084806406345123,
    0.4016414787524786,
    0.39560952614515255,
    0.39095080105158,
    0.3872396048827049,
    0.3834264745314916,
    0.38000641488111936,
    0.3786312841452085,
    0.3756825306476691,
    0.3741246766768969,
    0.37195644890650725,
    0.37005090232078847,
    0.3686753337964033,
    0.36721070607503253,
    0.3656627098719279,
    0.36474244640423703,
    0.36288905686292894,
    0.3614642595633482,
    0.36056975347873493,
    0.35948236813912027,
    0.3589225279979217,
    0.3578499926206393,
    0.35638661415149003,
    0.3565172977936574,
    0.3558178650263028,
    0.3549956444746409,
    0.35446091852126976,
    0.3539427758027346,
    0.3532111224455711,
    0.35237185465983856,
    0.35219271358771204,
    0.35149973516280836,
    0.3513716854346104,
    0.350936236901161,
    0.3503187651817615,
    0.35065874724816054,
    0.34956276432061806,
    0.34970923983133756,
    0.3493595532117746,
    0.34906670153141023,
    0.3490897154960877,
    0.3489418247571358,
    0.3490657399098078,
    0.3485848993062973
  ],
  "epoch_times": [
    12.227728128433228,
    12.089411497116089,
    12.458876371383667,
    11.655034303665161,
    12.1865394115448,
    11.924097299575806,
    12.443347692489624,
    11.674579620361328,
    11.731054544448853,
    11.707930088043213,
    11.801724433898926,
    11.754298210144043,
    11.680370330810547,
    11.529741525650024,
    11.590638160705566,
    12.669721364974976,
    11.687625885009766,
    11.474510669708252,
    12.037912368774414,
    11.416639804840088,
    12.228434085845947,
    11.835926532745361,
    11.93601107597351,
    11.64669919013977,
    11.415996074676514,
    11.885275840759277,
    11.62415099143982,
    11.717457294464111,
    11.763582944869995,
    11.778295516967773,
    11.71547818183899,
    11.349613904953003,
    11.539149045944214,
    11.02145504951477,
    11.699862957000732,
    11.69590950012207,
    11.71096396446228,
    11.942543029785156,
    12.81475830078125,
    12.605631113052368,
    12.202660322189331,
    12.18546175956726,
    12.119419574737549,
    12.370032548904419,
    12.279898166656494,
    11.495925903320312,
    11.55843997001648,
    11.759089469909668,
    11.948911428451538,
    11.990736484527588
  ],
  "avg_time": 11.871591038703919,
  "save_path": "saved/mae_encoder_mask05.pt"
}