{
  "losses": [
    0.7500018940522121,
    0.5232846635274399,
    0.40960751733718775,
    0.369765934195274,
    0.35189780845091895,
    0.3401289945993668,
    0.3297631798646389,
    0.3226458543386215,
    0.31643053797575144,
    0.3115324081518711,
    0.30799234066254055,
    0.3034436244995166,
    0.3000673594383093,
    0.2982157991482661,
    0.2956263486391459,
    0.29271492201548355,
    0.29086453838226123,
    0.2884285894724039,
    0.2871137565527207,
    0.2853425345359704,
    0.28359180730886946,
    0.2830523205491213,
    0.2808083956822371,
    0.27942941930049503,
    0.27863755145898234,
    0.2770052238152577,
    0.276569333481483,
    0.27565352060855963,
    0.2741277685150122,
    0.27368708367531114,
    0.2735295852407431,
    0.2726579935122759,
    0.27169785106029265,
    0.2714058721676851,
    0.2705444661088479,
    0.27061151629075025,
    0.2693696688000973,
    0.2695191381451411,
    0.26875546968136077,
    0.26854152102500967,
    0.26824581508453077,
    0.2677621084528092,
    0.26747196037799886,
    0.2672903405550199,
    0.2668977022171021,
    0.26644729123665734,
    0.266868435495939,
    0.26668134033679963,
    0.2660665568250876,
    0.2661365115871796
  ],
  "epoch_times": [
    13.080514907836914,
    13.609519243240356,
    12.203770160675049,
    12.851377487182617,
    12.267719268798828,
    11.609891653060913,
    11.7118239402771,
    11.584165573120117,
    12.430773735046387,
    12.888285398483276,
    11.835670232772827,
    11.860229015350342,
    11.78647518157959,
    11.565814733505249,
    11.914706707000732,
    12.387346744537354,
    11.830509424209595,
    12.598652839660645,
    11.874068975448608,
    11.745253801345825,
    11.90167760848999,
    12.147582054138184,
    11.995356798171997,
    11.976617574691772,
    11.671082258224487,
    11.876803398132324,
    12.31444001197815,
    12.154224157333374,
    11.876176118850708,
    12.107456922531128,
    12.186565637588501,
    12.689858436584473,
    12.388075113296509,
    12.3467378616333,
    12.299823999404907,
    12.005348920822144,
    12.743375778198242,
    12.000625848770142,
    12.628621339797974,
    11.823513984680176,
    12.194056510925293,
    11.872102975845337,
    11.951486110687256,
    12.15613317489624,
    11.784456491470337,
    12.25215220451355,
    11.572645902633667,
    11.00998592376709,
    11.683096647262573,
    11.944883108139038
  ],
  "avg_time": 12.103830637931823,
  "save_path": "saved/mae_encoder_mask025.pt"
}